{
  "mse": 0.799085259437561,
  "mae": 0.6979354619979858,
  "r2": 0.20185083150863647
}